sweep_key,sweep_id,eval_group,algorithm,lr,hyperparameter,hyperparameter_value,eval_jobs,average_score_mean,average_score_std,average_score_ci95,best_average_score,worst_average_score,source_summary,drive_folder
final_hp,citylearn-final-hp-20260506-r1,public_dev,ppo,3e-3,ent_coef,0.0,3,0.770650,0.023375,0.058070,0.751468,0.796685,/n/fs/pvl-lidar/cache/ed1783/citylearn/sweeps/citylearn-final-hp-20260506-r1/summary.csv,https://drive.google.com/drive/folders/1bF4WxZ1BiUPAJc0raDXePxPzLSV7kfnP
final_hp,citylearn-final-hp-20260506-r1,public_dev,ppo,1e-3,ent_coef,0.0,3,0.778410,0.040453,0.100498,0.731928,0.805647,/n/fs/pvl-lidar/cache/ed1783/citylearn/sweeps/citylearn-final-hp-20260506-r1/summary.csv,https://drive.google.com/drive/folders/1bF4WxZ1BiUPAJc0raDXePxPzLSV7kfnP
final_hp,citylearn-final-hp-20260506-r1,public_dev,ppo,3e-3,ent_coef,0.01,3,0.807975,0.033733,0.083805,0.771513,0.838073,/n/fs/pvl-lidar/cache/ed1783/citylearn/sweeps/citylearn-final-hp-20260506-r1/summary.csv,https://drive.google.com/drive/folders/1bF4WxZ1BiUPAJc0raDXePxPzLSV7kfnP
final_hp,citylearn-final-hp-20260506-r1,public_dev,ppo,1e-4,ent_coef,0.01,3,0.808327,0.017710,0.043997,0.789596,0.824799,/n/fs/pvl-lidar/cache/ed1783/citylearn/sweeps/citylearn-final-hp-20260506-r1/summary.csv,https://drive.google.com/drive/folders/1bF4WxZ1BiUPAJc0raDXePxPzLSV7kfnP
final_hp,citylearn-final-hp-20260506-r1,public_dev,ppo,1e-3,ent_coef,0.01,3,0.811886,0.052571,0.130604,0.767325,0.869866,/n/fs/pvl-lidar/cache/ed1783/citylearn/sweeps/citylearn-final-hp-20260506-r1/summary.csv,https://drive.google.com/drive/folders/1bF4WxZ1BiUPAJc0raDXePxPzLSV7kfnP
final_hp,citylearn-final-hp-20260506-r1,public_dev,ppo,1e-4,ent_coef,0.0,3,0.812090,0.037233,0.092500,0.769890,0.840307,/n/fs/pvl-lidar/cache/ed1783/citylearn/sweeps/citylearn-final-hp-20260506-r1/summary.csv,https://drive.google.com/drive/folders/1bF4WxZ1BiUPAJc0raDXePxPzLSV7kfnP
final_hp,citylearn-final-hp-20260506-r1,public_dev,sac,1e-3,reward_scaling,5.0,3,0.553356,0.016809,0.041760,0.533968,0.563860,/n/fs/pvl-lidar/cache/ed1783/citylearn/sweeps/citylearn-final-hp-20260506-r1/summary.csv,https://drive.google.com/drive/folders/1bF4WxZ1BiUPAJc0raDXePxPzLSV7kfnP
final_hp,citylearn-final-hp-20260506-r1,public_dev,sac,5e-4,reward_scaling,10.0,3,0.560255,0.020538,0.051023,0.544575,0.583504,/n/fs/pvl-lidar/cache/ed1783/citylearn/sweeps/citylearn-final-hp-20260506-r1/summary.csv,https://drive.google.com/drive/folders/1bF4WxZ1BiUPAJc0raDXePxPzLSV7kfnP
final_hp,citylearn-final-hp-20260506-r1,public_dev,sac,1e-3,reward_scaling,2.5,3,0.564754,0.002455,0.006100,0.562984,0.567557,/n/fs/pvl-lidar/cache/ed1783/citylearn/sweeps/citylearn-final-hp-20260506-r1/summary.csv,https://drive.google.com/drive/folders/1bF4WxZ1BiUPAJc0raDXePxPzLSV7kfnP
final_hp,citylearn-final-hp-20260506-r1,public_dev,sac,5e-4,reward_scaling,2.5,3,0.565668,0.029617,0.073579,0.531586,0.585162,/n/fs/pvl-lidar/cache/ed1783/citylearn/sweeps/citylearn-final-hp-20260506-r1/summary.csv,https://drive.google.com/drive/folders/1bF4WxZ1BiUPAJc0raDXePxPzLSV7kfnP
final_hp,citylearn-final-hp-20260506-r1,public_dev,sac,2e-4,reward_scaling,10.0,3,0.565938,0.025980,0.064543,0.535939,0.581115,/n/fs/pvl-lidar/cache/ed1783/citylearn/sweeps/citylearn-final-hp-20260506-r1/summary.csv,https://drive.google.com/drive/folders/1bF4WxZ1BiUPAJc0raDXePxPzLSV7kfnP
final_hp,citylearn-final-hp-20260506-r1,public_dev,sac,5e-4,reward_scaling,5.0,3,0.566970,0.013516,0.033579,0.558293,0.582543,/n/fs/pvl-lidar/cache/ed1783/citylearn/sweeps/citylearn-final-hp-20260506-r1/summary.csv,https://drive.google.com/drive/folders/1bF4WxZ1BiUPAJc0raDXePxPzLSV7kfnP
final_hp,citylearn-final-hp-20260506-r1,public_dev,sac,1e-3,reward_scaling,10.0,3,0.567692,0.009358,0.023249,0.557419,0.575731,/n/fs/pvl-lidar/cache/ed1783/citylearn/sweeps/citylearn-final-hp-20260506-r1/summary.csv,https://drive.google.com/drive/folders/1bF4WxZ1BiUPAJc0raDXePxPzLSV7kfnP
final_hp,citylearn-final-hp-20260506-r1,public_dev,sac,1e-4,reward_scaling,2.5,3,0.570085,0.015683,0.038962,0.556628,0.587308,/n/fs/pvl-lidar/cache/ed1783/citylearn/sweeps/citylearn-final-hp-20260506-r1/summary.csv,https://drive.google.com/drive/folders/1bF4WxZ1BiUPAJc0raDXePxPzLSV7kfnP
final_hp,citylearn-final-hp-20260506-r1,public_dev,sac,2e-4,reward_scaling,2.5,3,0.577138,0.004562,0.011334,0.572032,0.580813,/n/fs/pvl-lidar/cache/ed1783/citylearn/sweeps/citylearn-final-hp-20260506-r1/summary.csv,https://drive.google.com/drive/folders/1bF4WxZ1BiUPAJc0raDXePxPzLSV7kfnP
final_hp,citylearn-final-hp-20260506-r1,public_dev,sac,1e-4,reward_scaling,5.0,3,0.577384,0.006812,0.016924,0.572851,0.585218,/n/fs/pvl-lidar/cache/ed1783/citylearn/sweeps/citylearn-final-hp-20260506-r1/summary.csv,https://drive.google.com/drive/folders/1bF4WxZ1BiUPAJc0raDXePxPzLSV7kfnP
final_hp,citylearn-final-hp-20260506-r1,public_dev,sac,1e-4,reward_scaling,10.0,3,0.582741,0.004124,0.010245,0.579290,0.587308,/n/fs/pvl-lidar/cache/ed1783/citylearn/sweeps/citylearn-final-hp-20260506-r1/summary.csv,https://drive.google.com/drive/folders/1bF4WxZ1BiUPAJc0raDXePxPzLSV7kfnP
final_hp,citylearn-final-hp-20260506-r1,public_dev,sac,2e-4,reward_scaling,5.0,3,0.584964,0.011085,0.027540,0.576531,0.597520,/n/fs/pvl-lidar/cache/ed1783/citylearn/sweeps/citylearn-final-hp-20260506-r1/summary.csv,https://drive.google.com/drive/folders/1bF4WxZ1BiUPAJc0raDXePxPzLSV7kfnP
final_hp,citylearn-final-hp-20260506-r1,public_dev,td3,1e-3,exploration_noise,0.05,3,0.600946,0.032894,0.081720,0.573532,0.637421,/n/fs/pvl-lidar/cache/ed1783/citylearn/sweeps/citylearn-final-hp-20260506-r1/summary.csv,https://drive.google.com/drive/folders/1bF4WxZ1BiUPAJc0raDXePxPzLSV7kfnP
final_hp,citylearn-final-hp-20260506-r1,public_dev,td3,3e-4,exploration_noise,0.1,3,0.608324,0.007108,0.017659,0.601323,0.615534,/n/fs/pvl-lidar/cache/ed1783/citylearn/sweeps/citylearn-final-hp-20260506-r1/summary.csv,https://drive.google.com/drive/folders/1bF4WxZ1BiUPAJc0raDXePxPzLSV7kfnP
final_hp,citylearn-final-hp-20260506-r1,public_dev,td3,1e-3,exploration_noise,0.1,3,0.618056,0.006197,0.015395,0.614374,0.625211,/n/fs/pvl-lidar/cache/ed1783/citylearn/sweeps/citylearn-final-hp-20260506-r1/summary.csv,https://drive.google.com/drive/folders/1bF4WxZ1BiUPAJc0raDXePxPzLSV7kfnP
final_hp,citylearn-final-hp-20260506-r1,public_dev,td3,5e-4,exploration_noise,0.05,3,0.632528,0.014835,0.036856,0.623651,0.649654,/n/fs/pvl-lidar/cache/ed1783/citylearn/sweeps/citylearn-final-hp-20260506-r1/summary.csv,https://drive.google.com/drive/folders/1bF4WxZ1BiUPAJc0raDXePxPzLSV7kfnP
final_hp,citylearn-final-hp-20260506-r1,public_dev,td3,5e-4,exploration_noise,0.2,3,0.634875,0.012990,0.032272,0.619896,0.643042,/n/fs/pvl-lidar/cache/ed1783/citylearn/sweeps/citylearn-final-hp-20260506-r1/summary.csv,https://drive.google.com/drive/folders/1bF4WxZ1BiUPAJc0raDXePxPzLSV7kfnP
final_hp,citylearn-final-hp-20260506-r1,public_dev,td3,5e-4,exploration_noise,0.1,3,0.637077,0.008512,0.021146,0.629618,0.646350,/n/fs/pvl-lidar/cache/ed1783/citylearn/sweeps/citylearn-final-hp-20260506-r1/summary.csv,https://drive.google.com/drive/folders/1bF4WxZ1BiUPAJc0raDXePxPzLSV7kfnP
final_hp,citylearn-final-hp-20260506-r1,public_dev,td3,3e-4,exploration_noise,0.2,3,0.639520,0.024287,0.060336,0.614097,0.662483,/n/fs/pvl-lidar/cache/ed1783/citylearn/sweeps/citylearn-final-hp-20260506-r1/summary.csv,https://drive.google.com/drive/folders/1bF4WxZ1BiUPAJc0raDXePxPzLSV7kfnP
final_hp,citylearn-final-hp-20260506-r1,public_dev,td3,3e-4,exploration_noise,0.05,3,0.653246,0.022415,0.055685,0.627390,0.667165,/n/fs/pvl-lidar/cache/ed1783/citylearn/sweeps/citylearn-final-hp-20260506-r1/summary.csv,https://drive.google.com/drive/folders/1bF4WxZ1BiUPAJc0raDXePxPzLSV7kfnP
final_hp,citylearn-final-hp-20260506-r1,public_dev,td3,1e-3,exploration_noise,0.2,3,0.657666,0.021668,0.053830,0.636875,0.680116,/n/fs/pvl-lidar/cache/ed1783/citylearn/sweeps/citylearn-final-hp-20260506-r1/summary.csv,https://drive.google.com/drive/folders/1bF4WxZ1BiUPAJc0raDXePxPzLSV7kfnP
final_hp,citylearn-final-hp-20260506-r1,released_all,ppo,3e-3,ent_coef,0.0,18,0.799466,0.035814,0.017811,0.711423,0.839168,/n/fs/pvl-lidar/cache/ed1783/citylearn/sweeps/citylearn-final-hp-20260506-r1/summary.csv,https://drive.google.com/drive/folders/1bF4WxZ1BiUPAJc0raDXePxPzLSV7kfnP
final_hp,citylearn-final-hp-20260506-r1,released_all,ppo,1e-3,ent_coef,0.0,18,0.825961,0.041131,0.020456,0.714734,0.872074,/n/fs/pvl-lidar/cache/ed1783/citylearn/sweeps/citylearn-final-hp-20260506-r1/summary.csv,https://drive.google.com/drive/folders/1bF4WxZ1BiUPAJc0raDXePxPzLSV7kfnP
final_hp,citylearn-final-hp-20260506-r1,released_all,ppo,1e-4,ent_coef,0.0,18,0.826728,0.051633,0.025679,0.729276,0.890193,/n/fs/pvl-lidar/cache/ed1783/citylearn/sweeps/citylearn-final-hp-20260506-r1/summary.csv,https://drive.google.com/drive/folders/1bF4WxZ1BiUPAJc0raDXePxPzLSV7kfnP
final_hp,citylearn-final-hp-20260506-r1,released_all,ppo,1e-4,ent_coef,0.01,18,0.835367,0.046537,0.023144,0.736593,0.890191,/n/fs/pvl-lidar/cache/ed1783/citylearn/sweeps/citylearn-final-hp-20260506-r1/summary.csv,https://drive.google.com/drive/folders/1bF4WxZ1BiUPAJc0raDXePxPzLSV7kfnP
final_hp,citylearn-final-hp-20260506-r1,released_all,ppo,3e-3,ent_coef,0.01,18,0.839774,0.055389,0.027547,0.730751,0.925452,/n/fs/pvl-lidar/cache/ed1783/citylearn/sweeps/citylearn-final-hp-20260506-r1/summary.csv,https://drive.google.com/drive/folders/1bF4WxZ1BiUPAJc0raDXePxPzLSV7kfnP
final_hp,citylearn-final-hp-20260506-r1,released_all,ppo,1e-3,ent_coef,0.01,18,0.885487,0.034935,0.017374,0.801988,0.932040,/n/fs/pvl-lidar/cache/ed1783/citylearn/sweeps/citylearn-final-hp-20260506-r1/summary.csv,https://drive.google.com/drive/folders/1bF4WxZ1BiUPAJc0raDXePxPzLSV7kfnP
final_hp,citylearn-final-hp-20260506-r1,released_all,sac,5e-4,reward_scaling,5.0,18,0.701912,0.046426,0.023089,0.597067,0.756968,/n/fs/pvl-lidar/cache/ed1783/citylearn/sweeps/citylearn-final-hp-20260506-r1/summary.csv,https://drive.google.com/drive/folders/1bF4WxZ1BiUPAJc0raDXePxPzLSV7kfnP
final_hp,citylearn-final-hp-20260506-r1,released_all,sac,1e-3,reward_scaling,5.0,18,0.704792,0.053585,0.026650,0.603862,0.790042,/n/fs/pvl-lidar/cache/ed1783/citylearn/sweeps/citylearn-final-hp-20260506-r1/summary.csv,https://drive.google.com/drive/folders/1bF4WxZ1BiUPAJc0raDXePxPzLSV7kfnP
final_hp,citylearn-final-hp-20260506-r1,released_all,sac,5e-4,reward_scaling,10.0,18,0.708457,0.056715,0.028206,0.606966,0.788087,/n/fs/pvl-lidar/cache/ed1783/citylearn/sweeps/citylearn-final-hp-20260506-r1/summary.csv,https://drive.google.com/drive/folders/1bF4WxZ1BiUPAJc0raDXePxPzLSV7kfnP
final_hp,citylearn-final-hp-20260506-r1,released_all,sac,5e-4,reward_scaling,2.5,18,0.711941,0.053274,0.026495,0.605404,0.775663,/n/fs/pvl-lidar/cache/ed1783/citylearn/sweeps/citylearn-final-hp-20260506-r1/summary.csv,https://drive.google.com/drive/folders/1bF4WxZ1BiUPAJc0raDXePxPzLSV7kfnP
final_hp,citylearn-final-hp-20260506-r1,released_all,sac,1e-3,reward_scaling,2.5,18,0.714160,0.050764,0.025246,0.605317,0.770842,/n/fs/pvl-lidar/cache/ed1783/citylearn/sweeps/citylearn-final-hp-20260506-r1/summary.csv,https://drive.google.com/drive/folders/1bF4WxZ1BiUPAJc0raDXePxPzLSV7kfnP
final_hp,citylearn-final-hp-20260506-r1,released_all,sac,1e-3,reward_scaling,10.0,18,0.720776,0.051195,0.025461,0.607799,0.775157,/n/fs/pvl-lidar/cache/ed1783/citylearn/sweeps/citylearn-final-hp-20260506-r1/summary.csv,https://drive.google.com/drive/folders/1bF4WxZ1BiUPAJc0raDXePxPzLSV7kfnP
final_hp,citylearn-final-hp-20260506-r1,released_all,sac,2e-4,reward_scaling,5.0,18,0.730395,0.057744,0.028718,0.607430,0.794040,/n/fs/pvl-lidar/cache/ed1783/citylearn/sweeps/citylearn-final-hp-20260506-r1/summary.csv,https://drive.google.com/drive/folders/1bF4WxZ1BiUPAJc0raDXePxPzLSV7kfnP
final_hp,citylearn-final-hp-20260506-r1,released_all,sac,2e-4,reward_scaling,10.0,18,0.731471,0.064597,0.032126,0.587789,0.836094,/n/fs/pvl-lidar/cache/ed1783/citylearn/sweeps/citylearn-final-hp-20260506-r1/summary.csv,https://drive.google.com/drive/folders/1bF4WxZ1BiUPAJc0raDXePxPzLSV7kfnP
final_hp,citylearn-final-hp-20260506-r1,released_all,sac,2e-4,reward_scaling,2.5,18,0.741353,0.054590,0.027149,0.628582,0.811583,/n/fs/pvl-lidar/cache/ed1783/citylearn/sweeps/citylearn-final-hp-20260506-r1/summary.csv,https://drive.google.com/drive/folders/1bF4WxZ1BiUPAJc0raDXePxPzLSV7kfnP
final_hp,citylearn-final-hp-20260506-r1,released_all,sac,1e-4,reward_scaling,5.0,18,0.754033,0.052590,0.026155,0.658327,0.828704,/n/fs/pvl-lidar/cache/ed1783/citylearn/sweeps/citylearn-final-hp-20260506-r1/summary.csv,https://drive.google.com/drive/folders/1bF4WxZ1BiUPAJc0raDXePxPzLSV7kfnP
final_hp,citylearn-final-hp-20260506-r1,released_all,sac,1e-4,reward_scaling,10.0,18,0.754181,0.060619,0.030148,0.615296,0.840572,/n/fs/pvl-lidar/cache/ed1783/citylearn/sweeps/citylearn-final-hp-20260506-r1/summary.csv,https://drive.google.com/drive/folders/1bF4WxZ1BiUPAJc0raDXePxPzLSV7kfnP
final_hp,citylearn-final-hp-20260506-r1,released_all,sac,1e-4,reward_scaling,2.5,18,0.759001,0.048139,0.023941,0.647087,0.819230,/n/fs/pvl-lidar/cache/ed1783/citylearn/sweeps/citylearn-final-hp-20260506-r1/summary.csv,https://drive.google.com/drive/folders/1bF4WxZ1BiUPAJc0raDXePxPzLSV7kfnP
final_hp,citylearn-final-hp-20260506-r1,released_all,td3,3e-4,exploration_noise,0.2,18,0.727475,0.034599,0.017207,0.647634,0.778789,/n/fs/pvl-lidar/cache/ed1783/citylearn/sweeps/citylearn-final-hp-20260506-r1/summary.csv,https://drive.google.com/drive/folders/1bF4WxZ1BiUPAJc0raDXePxPzLSV7kfnP
final_hp,citylearn-final-hp-20260506-r1,released_all,td3,3e-4,exploration_noise,0.1,18,0.741817,0.036165,0.017986,0.661452,0.795385,/n/fs/pvl-lidar/cache/ed1783/citylearn/sweeps/citylearn-final-hp-20260506-r1/summary.csv,https://drive.google.com/drive/folders/1bF4WxZ1BiUPAJc0raDXePxPzLSV7kfnP
final_hp,citylearn-final-hp-20260506-r1,released_all,td3,1e-3,exploration_noise,0.05,18,0.746759,0.030083,0.014961,0.681394,0.791484,/n/fs/pvl-lidar/cache/ed1783/citylearn/sweeps/citylearn-final-hp-20260506-r1/summary.csv,https://drive.google.com/drive/folders/1bF4WxZ1BiUPAJc0raDXePxPzLSV7kfnP
final_hp,citylearn-final-hp-20260506-r1,released_all,td3,5e-4,exploration_noise,0.1,18,0.760588,0.043207,0.021488,0.664813,0.814544,/n/fs/pvl-lidar/cache/ed1783/citylearn/sweeps/citylearn-final-hp-20260506-r1/summary.csv,https://drive.google.com/drive/folders/1bF4WxZ1BiUPAJc0raDXePxPzLSV7kfnP
final_hp,citylearn-final-hp-20260506-r1,released_all,td3,5e-4,exploration_noise,0.2,18,0.763030,0.040832,0.020307,0.661737,0.809862,/n/fs/pvl-lidar/cache/ed1783/citylearn/sweeps/citylearn-final-hp-20260506-r1/summary.csv,https://drive.google.com/drive/folders/1bF4WxZ1BiUPAJc0raDXePxPzLSV7kfnP
final_hp,citylearn-final-hp-20260506-r1,released_all,td3,5e-4,exploration_noise,0.05,18,0.764595,0.040555,0.020170,0.690580,0.843664,/n/fs/pvl-lidar/cache/ed1783/citylearn/sweeps/citylearn-final-hp-20260506-r1/summary.csv,https://drive.google.com/drive/folders/1bF4WxZ1BiUPAJc0raDXePxPzLSV7kfnP
final_hp,citylearn-final-hp-20260506-r1,released_all,td3,1e-3,exploration_noise,0.1,18,0.767584,0.030680,0.015258,0.702141,0.815045,/n/fs/pvl-lidar/cache/ed1783/citylearn/sweeps/citylearn-final-hp-20260506-r1/summary.csv,https://drive.google.com/drive/folders/1bF4WxZ1BiUPAJc0raDXePxPzLSV7kfnP
final_hp,citylearn-final-hp-20260506-r1,released_all,td3,1e-3,exploration_noise,0.2,18,0.771872,0.033373,0.016598,0.683252,0.819337,/n/fs/pvl-lidar/cache/ed1783/citylearn/sweeps/citylearn-final-hp-20260506-r1/summary.csv,https://drive.google.com/drive/folders/1bF4WxZ1BiUPAJc0raDXePxPzLSV7kfnP
final_hp,citylearn-final-hp-20260506-r1,released_all,td3,3e-4,exploration_noise,0.05,18,0.785426,0.029824,0.014832,0.719255,0.831348,/n/fs/pvl-lidar/cache/ed1783/citylearn/sweeps/citylearn-final-hp-20260506-r1/summary.csv,https://drive.google.com/drive/folders/1bF4WxZ1BiUPAJc0raDXePxPzLSV7kfnP
final_hp,citylearn-final-hp-20260506-r1,released_phase2,ppo,3e-3,ent_coef,0.0,9,0.782011,0.041024,0.031534,0.711423,0.835338,/n/fs/pvl-lidar/cache/ed1783/citylearn/sweeps/citylearn-final-hp-20260506-r1/summary.csv,https://drive.google.com/drive/folders/1bF4WxZ1BiUPAJc0raDXePxPzLSV7kfnP
final_hp,citylearn-final-hp-20260506-r1,released_phase2,ppo,1e-4,ent_coef,0.0,9,0.802704,0.057409,0.044129,0.729276,0.870688,/n/fs/pvl-lidar/cache/ed1783/citylearn/sweeps/citylearn-final-hp-20260506-r1/summary.csv,https://drive.google.com/drive/folders/1bF4WxZ1BiUPAJc0raDXePxPzLSV7kfnP
final_hp,citylearn-final-hp-20260506-r1,released_phase2,ppo,1e-3,ent_coef,0.0,9,0.804376,0.045860,0.035251,0.714734,0.861227,/n/fs/pvl-lidar/cache/ed1783/citylearn/sweeps/citylearn-final-hp-20260506-r1/summary.csv,https://drive.google.com/drive/folders/1bF4WxZ1BiUPAJc0raDXePxPzLSV7kfnP
final_hp,citylearn-final-hp-20260506-r1,released_phase2,ppo,1e-4,ent_coef,0.01,9,0.810651,0.050303,0.038666,0.736593,0.867347,/n/fs/pvl-lidar/cache/ed1783/citylearn/sweeps/citylearn-final-hp-20260506-r1/summary.csv,https://drive.google.com/drive/folders/1bF4WxZ1BiUPAJc0raDXePxPzLSV7kfnP
final_hp,citylearn-final-hp-20260506-r1,released_phase2,ppo,3e-3,ent_coef,0.01,9,0.815451,0.061207,0.047048,0.730751,0.910023,/n/fs/pvl-lidar/cache/ed1783/citylearn/sweeps/citylearn-final-hp-20260506-r1/summary.csv,https://drive.google.com/drive/folders/1bF4WxZ1BiUPAJc0raDXePxPzLSV7kfnP
final_hp,citylearn-final-hp-20260506-r1,released_phase2,ppo,1e-3,ent_coef,0.01,9,0.865032,0.035218,0.027071,0.801988,0.904381,/n/fs/pvl-lidar/cache/ed1783/citylearn/sweeps/citylearn-final-hp-20260506-r1/summary.csv,https://drive.google.com/drive/folders/1bF4WxZ1BiUPAJc0raDXePxPzLSV7kfnP
final_hp,citylearn-final-hp-20260506-r1,released_phase2,sac,5e-4,reward_scaling,10.0,9,0.663757,0.043217,0.033219,0.606966,0.717495,/n/fs/pvl-lidar/cache/ed1783/citylearn/sweeps/citylearn-final-hp-20260506-r1/summary.csv,https://drive.google.com/drive/folders/1bF4WxZ1BiUPAJc0raDXePxPzLSV7kfnP
final_hp,citylearn-final-hp-20260506-r1,released_phase2,sac,1e-3,reward_scaling,5.0,9,0.665839,0.043498,0.033436,0.603862,0.724555,/n/fs/pvl-lidar/cache/ed1783/citylearn/sweeps/citylearn-final-hp-20260506-r1/summary.csv,https://drive.google.com/drive/folders/1bF4WxZ1BiUPAJc0raDXePxPzLSV7kfnP
final_hp,citylearn-final-hp-20260506-r1,released_phase2,sac,5e-4,reward_scaling,5.0,9,0.666234,0.037124,0.028536,0.597067,0.700996,/n/fs/pvl-lidar/cache/ed1783/citylearn/sweeps/citylearn-final-hp-20260506-r1/summary.csv,https://drive.google.com/drive/folders/1bF4WxZ1BiUPAJc0raDXePxPzLSV7kfnP
final_hp,citylearn-final-hp-20260506-r1,released_phase2,sac,5e-4,reward_scaling,2.5,9,0.672125,0.047508,0.036517,0.605404,0.723115,/n/fs/pvl-lidar/cache/ed1783/citylearn/sweeps/citylearn-final-hp-20260506-r1/summary.csv,https://drive.google.com/drive/folders/1bF4WxZ1BiUPAJc0raDXePxPzLSV7kfnP
final_hp,citylearn-final-hp-20260506-r1,released_phase2,sac,1e-3,reward_scaling,2.5,9,0.676461,0.044146,0.033933,0.605317,0.715731,/n/fs/pvl-lidar/cache/ed1783/citylearn/sweeps/citylearn-final-hp-20260506-r1/summary.csv,https://drive.google.com/drive/folders/1bF4WxZ1BiUPAJc0raDXePxPzLSV7kfnP
final_hp,citylearn-final-hp-20260506-r1,released_phase2,sac,1e-3,reward_scaling,10.0,9,0.681443,0.044816,0.034449,0.607799,0.730178,/n/fs/pvl-lidar/cache/ed1783/citylearn/sweeps/citylearn-final-hp-20260506-r1/summary.csv,https://drive.google.com/drive/folders/1bF4WxZ1BiUPAJc0raDXePxPzLSV7kfnP
final_hp,citylearn-final-hp-20260506-r1,released_phase2,sac,2e-4,reward_scaling,10.0,9,0.683756,0.052321,0.040217,0.587789,0.741862,/n/fs/pvl-lidar/cache/ed1783/citylearn/sweeps/citylearn-final-hp-20260506-r1/summary.csv,https://drive.google.com/drive/folders/1bF4WxZ1BiUPAJc0raDXePxPzLSV7kfnP
final_hp,citylearn-final-hp-20260506-r1,released_phase2,sac,2e-4,reward_scaling,5.0,9,0.684544,0.046893,0.036045,0.607430,0.739941,/n/fs/pvl-lidar/cache/ed1783/citylearn/sweeps/citylearn-final-hp-20260506-r1/summary.csv,https://drive.google.com/drive/folders/1bF4WxZ1BiUPAJc0raDXePxPzLSV7kfnP
final_hp,citylearn-final-hp-20260506-r1,released_phase2,sac,2e-4,reward_scaling,2.5,9,0.699384,0.044525,0.034225,0.628582,0.756844,/n/fs/pvl-lidar/cache/ed1783/citylearn/sweeps/citylearn-final-hp-20260506-r1/summary.csv,https://drive.google.com/drive/folders/1bF4WxZ1BiUPAJc0raDXePxPzLSV7kfnP
final_hp,citylearn-final-hp-20260506-r1,released_phase2,sac,1e-4,reward_scaling,10.0,9,0.710175,0.051303,0.039435,0.615296,0.770372,/n/fs/pvl-lidar/cache/ed1783/citylearn/sweeps/citylearn-final-hp-20260506-r1/summary.csv,https://drive.google.com/drive/folders/1bF4WxZ1BiUPAJc0raDXePxPzLSV7kfnP
final_hp,citylearn-final-hp-20260506-r1,released_phase2,sac,1e-4,reward_scaling,5.0,9,0.715883,0.044229,0.033997,0.658327,0.788764,/n/fs/pvl-lidar/cache/ed1783/citylearn/sweeps/citylearn-final-hp-20260506-r1/summary.csv,https://drive.google.com/drive/folders/1bF4WxZ1BiUPAJc0raDXePxPzLSV7kfnP
final_hp,citylearn-final-hp-20260506-r1,released_phase2,sac,1e-4,reward_scaling,2.5,9,0.726449,0.047592,0.036583,0.647087,0.771374,/n/fs/pvl-lidar/cache/ed1783/citylearn/sweeps/citylearn-final-hp-20260506-r1/summary.csv,https://drive.google.com/drive/folders/1bF4WxZ1BiUPAJc0raDXePxPzLSV7kfnP
final_hp,citylearn-final-hp-20260506-r1,released_phase2,td3,3e-4,exploration_noise,0.2,9,0.713147,0.042615,0.032757,0.647634,0.778789,/n/fs/pvl-lidar/cache/ed1783/citylearn/sweeps/citylearn-final-hp-20260506-r1/summary.csv,https://drive.google.com/drive/folders/1bF4WxZ1BiUPAJc0raDXePxPzLSV7kfnP
final_hp,citylearn-final-hp-20260506-r1,released_phase2,td3,3e-4,exploration_noise,0.1,9,0.727922,0.038171,0.029341,0.661452,0.770235,/n/fs/pvl-lidar/cache/ed1783/citylearn/sweeps/citylearn-final-hp-20260506-r1/summary.csv,https://drive.google.com/drive/folders/1bF4WxZ1BiUPAJc0raDXePxPzLSV7kfnP
final_hp,citylearn-final-hp-20260506-r1,released_phase2,td3,1e-3,exploration_noise,0.05,9,0.730462,0.032010,0.024605,0.681394,0.769562,/n/fs/pvl-lidar/cache/ed1783/citylearn/sweeps/citylearn-final-hp-20260506-r1/summary.csv,https://drive.google.com/drive/folders/1bF4WxZ1BiUPAJc0raDXePxPzLSV7kfnP
final_hp,citylearn-final-hp-20260506-r1,released_phase2,td3,5e-4,exploration_noise,0.1,9,0.748056,0.050352,0.038704,0.664813,0.813553,/n/fs/pvl-lidar/cache/ed1783/citylearn/sweeps/citylearn-final-hp-20260506-r1/summary.csv,https://drive.google.com/drive/folders/1bF4WxZ1BiUPAJc0raDXePxPzLSV7kfnP
final_hp,citylearn-final-hp-20260506-r1,released_phase2,td3,5e-4,exploration_noise,0.05,9,0.751879,0.038597,0.029668,0.690580,0.808233,/n/fs/pvl-lidar/cache/ed1783/citylearn/sweeps/citylearn-final-hp-20260506-r1/summary.csv,https://drive.google.com/drive/folders/1bF4WxZ1BiUPAJc0raDXePxPzLSV7kfnP
final_hp,citylearn-final-hp-20260506-r1,released_phase2,td3,5e-4,exploration_noise,0.2,9,0.751911,0.052010,0.039978,0.661737,0.809862,/n/fs/pvl-lidar/cache/ed1783/citylearn/sweeps/citylearn-final-hp-20260506-r1/summary.csv,https://drive.google.com/drive/folders/1bF4WxZ1BiUPAJc0raDXePxPzLSV7kfnP
final_hp,citylearn-final-hp-20260506-r1,released_phase2,td3,1e-3,exploration_noise,0.2,9,0.761436,0.041475,0.031880,0.683252,0.814357,/n/fs/pvl-lidar/cache/ed1783/citylearn/sweeps/citylearn-final-hp-20260506-r1/summary.csv,https://drive.google.com/drive/folders/1bF4WxZ1BiUPAJc0raDXePxPzLSV7kfnP
final_hp,citylearn-final-hp-20260506-r1,released_phase2,td3,1e-3,exploration_noise,0.1,9,0.762601,0.038822,0.029841,0.702141,0.815045,/n/fs/pvl-lidar/cache/ed1783/citylearn/sweeps/citylearn-final-hp-20260506-r1/summary.csv,https://drive.google.com/drive/folders/1bF4WxZ1BiUPAJc0raDXePxPzLSV7kfnP
final_hp,citylearn-final-hp-20260506-r1,released_phase2,td3,3e-4,exploration_noise,0.05,9,0.768125,0.029351,0.022561,0.719255,0.816024,/n/fs/pvl-lidar/cache/ed1783/citylearn/sweeps/citylearn-final-hp-20260506-r1/summary.csv,https://drive.google.com/drive/folders/1bF4WxZ1BiUPAJc0raDXePxPzLSV7kfnP
final_hp,citylearn-final-hp-20260506-r1,released_phase3,ppo,3e-3,ent_coef,0.0,9,0.816921,0.018899,0.014527,0.790583,0.839168,/n/fs/pvl-lidar/cache/ed1783/citylearn/sweeps/citylearn-final-hp-20260506-r1/summary.csv,https://drive.google.com/drive/folders/1bF4WxZ1BiUPAJc0raDXePxPzLSV7kfnP
final_hp,citylearn-final-hp-20260506-r1,released_phase3,ppo,1e-3,ent_coef,0.0,9,0.847545,0.021063,0.016191,0.820681,0.872074,/n/fs/pvl-lidar/cache/ed1783/citylearn/sweeps/citylearn-final-hp-20260506-r1/summary.csv,https://drive.google.com/drive/folders/1bF4WxZ1BiUPAJc0raDXePxPzLSV7kfnP
final_hp,citylearn-final-hp-20260506-r1,released_phase3,ppo,1e-4,ent_coef,0.0,9,0.850753,0.032722,0.025152,0.795532,0.890193,/n/fs/pvl-lidar/cache/ed1783/citylearn/sweeps/citylearn-final-hp-20260506-r1/summary.csv,https://drive.google.com/drive/folders/1bF4WxZ1BiUPAJc0raDXePxPzLSV7kfnP
final_hp,citylearn-final-hp-20260506-r1,released_phase3,ppo,1e-4,ent_coef,0.01,9,0.860083,0.026404,0.020296,0.811321,0.890191,/n/fs/pvl-lidar/cache/ed1783/citylearn/sweeps/citylearn-final-hp-20260506-r1/summary.csv,https://drive.google.com/drive/folders/1bF4WxZ1BiUPAJc0raDXePxPzLSV7kfnP
final_hp,citylearn-final-hp-20260506-r1,released_phase3,ppo,3e-3,ent_coef,0.01,9,0.864097,0.037975,0.029190,0.831114,0.925452,/n/fs/pvl-lidar/cache/ed1783/citylearn/sweeps/citylearn-final-hp-20260506-r1/summary.csv,https://drive.google.com/drive/folders/1bF4WxZ1BiUPAJc0raDXePxPzLSV7kfnP
final_hp,citylearn-final-hp-20260506-r1,released_phase3,ppo,1e-3,ent_coef,0.01,9,0.905941,0.020292,0.015598,0.878274,0.932040,/n/fs/pvl-lidar/cache/ed1783/citylearn/sweeps/citylearn-final-hp-20260506-r1/summary.csv,https://drive.google.com/drive/folders/1bF4WxZ1BiUPAJc0raDXePxPzLSV7kfnP
final_hp,citylearn-final-hp-20260506-r1,released_phase3,sac,5e-4,reward_scaling,5.0,9,0.737590,0.018384,0.014131,0.706325,0.756968,/n/fs/pvl-lidar/cache/ed1783/citylearn/sweeps/citylearn-final-hp-20260506-r1/summary.csv,https://drive.google.com/drive/folders/1bF4WxZ1BiUPAJc0raDXePxPzLSV7kfnP
final_hp,citylearn-final-hp-20260506-r1,released_phase3,sac,1e-3,reward_scaling,5.0,9,0.743745,0.028204,0.021680,0.711494,0.790042,/n/fs/pvl-lidar/cache/ed1783/citylearn/sweeps/citylearn-final-hp-20260506-r1/summary.csv,https://drive.google.com/drive/folders/1bF4WxZ1BiUPAJc0raDXePxPzLSV7kfnP
final_hp,citylearn-final-hp-20260506-r1,released_phase3,sac,5e-4,reward_scaling,2.5,9,0.751756,0.014391,0.011062,0.727290,0.775663,/n/fs/pvl-lidar/cache/ed1783/citylearn/sweeps/citylearn-final-hp-20260506-r1/summary.csv,https://drive.google.com/drive/folders/1bF4WxZ1BiUPAJc0raDXePxPzLSV7kfnP
final_hp,citylearn-final-hp-20260506-r1,released_phase3,sac,1e-3,reward_scaling,2.5,9,0.751859,0.018150,0.013951,0.712767,0.770842,/n/fs/pvl-lidar/cache/ed1783/citylearn/sweeps/citylearn-final-hp-20260506-r1/summary.csv,https://drive.google.com/drive/folders/1bF4WxZ1BiUPAJc0raDXePxPzLSV7kfnP
final_hp,citylearn-final-hp-20260506-r1,released_phase3,sac,5e-4,reward_scaling,10.0,9,0.753156,0.021728,0.016702,0.724113,0.788087,/n/fs/pvl-lidar/cache/ed1783/citylearn/sweeps/citylearn-final-hp-20260506-r1/summary.csv,https://drive.google.com/drive/folders/1bF4WxZ1BiUPAJc0raDXePxPzLSV7kfnP
final_hp,citylearn-final-hp-20260506-r1,released_phase3,sac,1e-3,reward_scaling,10.0,9,0.760109,0.008950,0.006879,0.750917,0.775157,/n/fs/pvl-lidar/cache/ed1783/citylearn/sweeps/citylearn-final-hp-20260506-r1/summary.csv,https://drive.google.com/drive/folders/1bF4WxZ1BiUPAJc0raDXePxPzLSV7kfnP
final_hp,citylearn-final-hp-20260506-r1,released_phase3,sac,2e-4,reward_scaling,5.0,9,0.776246,0.012503,0.009610,0.757339,0.794040,/n/fs/pvl-lidar/cache/ed1783/citylearn/sweeps/citylearn-final-hp-20260506-r1/summary.csv,https://drive.google.com/drive/folders/1bF4WxZ1BiUPAJc0raDXePxPzLSV7kfnP
final_hp,citylearn-final-hp-20260506-r1,released_phase3,sac,2e-4,reward_scaling,10.0,9,0.779187,0.031731,0.024391,0.729815,0.836094,/n/fs/pvl-lidar/cache/ed1783/citylearn/sweeps/citylearn-final-hp-20260506-r1/summary.csv,https://drive.google.com/drive/folders/1bF4WxZ1BiUPAJc0raDXePxPzLSV7kfnP
final_hp,citylearn-final-hp-20260506-r1,released_phase3,sac,2e-4,reward_scaling,2.5,9,0.783322,0.019672,0.015122,0.755396,0.811583,/n/fs/pvl-lidar/cache/ed1783/citylearn/sweeps/citylearn-final-hp-20260506-r1/summary.csv,https://drive.google.com/drive/folders/1bF4WxZ1BiUPAJc0raDXePxPzLSV7kfnP
final_hp,citylearn-final-hp-20260506-r1,released_phase3,sac,1e-4,reward_scaling,2.5,9,0.791553,0.016588,0.012750,0.771524,0.819230,/n/fs/pvl-lidar/cache/ed1783/citylearn/sweeps/citylearn-final-hp-20260506-r1/summary.csv,https://drive.google.com/drive/folders/1bF4WxZ1BiUPAJc0raDXePxPzLSV7kfnP
final_hp,citylearn-final-hp-20260506-r1,released_phase3,sac,1e-4,reward_scaling,5.0,9,0.792183,0.025420,0.019540,0.760116,0.828704,/n/fs/pvl-lidar/cache/ed1783/citylearn/sweeps/citylearn-final-hp-20260506-r1/summary.csv,https://drive.google.com/drive/folders/1bF4WxZ1BiUPAJc0raDXePxPzLSV7kfnP
final_hp,citylearn-final-hp-20260506-r1,released_phase3,sac,1e-4,reward_scaling,10.0,9,0.798188,0.028628,0.022006,0.757443,0.840572,/n/fs/pvl-lidar/cache/ed1783/citylearn/sweeps/citylearn-final-hp-20260506-r1/summary.csv,https://drive.google.com/drive/folders/1bF4WxZ1BiUPAJc0raDXePxPzLSV7kfnP
final_hp,citylearn-final-hp-20260506-r1,released_phase3,td3,3e-4,exploration_noise,0.2,9,0.741802,0.016308,0.012535,0.723013,0.766815,/n/fs/pvl-lidar/cache/ed1783/citylearn/sweeps/citylearn-final-hp-20260506-r1/summary.csv,https://drive.google.com/drive/folders/1bF4WxZ1BiUPAJc0raDXePxPzLSV7kfnP
final_hp,citylearn-final-hp-20260506-r1,released_phase3,td3,3e-4,exploration_noise,0.1,9,0.755713,0.029797,0.022904,0.709659,0.795385,/n/fs/pvl-lidar/cache/ed1783/citylearn/sweeps/citylearn-final-hp-20260506-r1/summary.csv,https://drive.google.com/drive/folders/1bF4WxZ1BiUPAJc0raDXePxPzLSV7kfnP
final_hp,citylearn-final-hp-20260506-r1,released_phase3,td3,1e-3,exploration_noise,0.05,9,0.763056,0.017347,0.013334,0.747807,0.791484,/n/fs/pvl-lidar/cache/ed1783/citylearn/sweeps/citylearn-final-hp-20260506-r1/summary.csv,https://drive.google.com/drive/folders/1bF4WxZ1BiUPAJc0raDXePxPzLSV7kfnP
final_hp,citylearn-final-hp-20260506-r1,released_phase3,td3,1e-3,exploration_noise,0.1,9,0.772566,0.020909,0.016072,0.735710,0.806424,/n/fs/pvl-lidar/cache/ed1783/citylearn/sweeps/citylearn-final-hp-20260506-r1/summary.csv,https://drive.google.com/drive/folders/1bF4WxZ1BiUPAJc0raDXePxPzLSV7kfnP
final_hp,citylearn-final-hp-20260506-r1,released_phase3,td3,5e-4,exploration_noise,0.1,9,0.773120,0.032838,0.025242,0.730236,0.814544,/n/fs/pvl-lidar/cache/ed1783/citylearn/sweeps/citylearn-final-hp-20260506-r1/summary.csv,https://drive.google.com/drive/folders/1bF4WxZ1BiUPAJc0raDXePxPzLSV7kfnP
final_hp,citylearn-final-hp-20260506-r1,released_phase3,td3,5e-4,exploration_noise,0.2,9,0.774150,0.023659,0.018186,0.738101,0.806359,/n/fs/pvl-lidar/cache/ed1783/citylearn/sweeps/citylearn-final-hp-20260506-r1/summary.csv,https://drive.google.com/drive/folders/1bF4WxZ1BiUPAJc0raDXePxPzLSV7kfnP
final_hp,citylearn-final-hp-20260506-r1,released_phase3,td3,5e-4,exploration_noise,0.05,9,0.777311,0.040516,0.031143,0.724713,0.843664,/n/fs/pvl-lidar/cache/ed1783/citylearn/sweeps/citylearn-final-hp-20260506-r1/summary.csv,https://drive.google.com/drive/folders/1bF4WxZ1BiUPAJc0raDXePxPzLSV7kfnP
final_hp,citylearn-final-hp-20260506-r1,released_phase3,td3,1e-3,exploration_noise,0.2,9,0.782309,0.020038,0.015403,0.758824,0.819337,/n/fs/pvl-lidar/cache/ed1783/citylearn/sweeps/citylearn-final-hp-20260506-r1/summary.csv,https://drive.google.com/drive/folders/1bF4WxZ1BiUPAJc0raDXePxPzLSV7kfnP
final_hp,citylearn-final-hp-20260506-r1,released_phase3,td3,3e-4,exploration_noise,0.05,9,0.802727,0.018846,0.014486,0.773300,0.831348,/n/fs/pvl-lidar/cache/ed1783/citylearn/sweeps/citylearn-final-hp-20260506-r1/summary.csv,https://drive.google.com/drive/folders/1bF4WxZ1BiUPAJc0raDXePxPzLSV7kfnP
lr_screen,citylearn-72cell-lr-screen-20260506-r1,public_dev,ppo,3e-3,,,3,0.780071,0.004224,0.010494,0.775341,0.783468,/n/fs/pvl-lidar/cache/ed1783/citylearn/sweeps/citylearn-72cell-lr-screen-20260506-r1/summary.csv,https://drive.google.com/drive/folders/1ZXXeyqH8q0FIXbnkOv13LqQMfgmC5bUd
lr_screen,citylearn-72cell-lr-screen-20260506-r1,public_dev,ppo,1e-3,,,3,0.795878,0.018037,0.044810,0.775883,0.810924,/n/fs/pvl-lidar/cache/ed1783/citylearn/sweeps/citylearn-72cell-lr-screen-20260506-r1/summary.csv,https://drive.google.com/drive/folders/1ZXXeyqH8q0FIXbnkOv13LqQMfgmC5bUd
lr_screen,citylearn-72cell-lr-screen-20260506-r1,public_dev,ppo,1e-4,,,3,0.803790,0.022914,0.056925,0.781897,0.827604,/n/fs/pvl-lidar/cache/ed1783/citylearn/sweeps/citylearn-72cell-lr-screen-20260506-r1/summary.csv,https://drive.google.com/drive/folders/1ZXXeyqH8q0FIXbnkOv13LqQMfgmC5bUd
lr_screen,citylearn-72cell-lr-screen-20260506-r1,public_dev,ppo,5e-4,,,3,0.805505,0.079193,0.196743,0.727850,0.886152,/n/fs/pvl-lidar/cache/ed1783/citylearn/sweeps/citylearn-72cell-lr-screen-20260506-r1/summary.csv,https://drive.google.com/drive/folders/1ZXXeyqH8q0FIXbnkOv13LqQMfgmC5bUd
lr_screen,citylearn-72cell-lr-screen-20260506-r1,public_dev,ppo,3e-4,,,3,0.808644,0.059228,0.147143,0.740579,0.848443,/n/fs/pvl-lidar/cache/ed1783/citylearn/sweeps/citylearn-72cell-lr-screen-20260506-r1/summary.csv,https://drive.google.com/drive/folders/1ZXXeyqH8q0FIXbnkOv13LqQMfgmC5bUd
lr_screen,citylearn-72cell-lr-screen-20260506-r1,public_dev,ppo,3e-5,,,3,0.813118,0.054834,0.136227,0.755014,0.863959,/n/fs/pvl-lidar/cache/ed1783/citylearn/sweeps/citylearn-72cell-lr-screen-20260506-r1/summary.csv,https://drive.google.com/drive/folders/1ZXXeyqH8q0FIXbnkOv13LqQMfgmC5bUd
lr_screen,citylearn-72cell-lr-screen-20260506-r1,public_dev,ppo,2e-4,,,3,0.829556,0.029930,0.074356,0.808813,0.863867,/n/fs/pvl-lidar/cache/ed1783/citylearn/sweeps/citylearn-72cell-lr-screen-20260506-r1/summary.csv,https://drive.google.com/drive/folders/1ZXXeyqH8q0FIXbnkOv13LqQMfgmC5bUd
lr_screen,citylearn-72cell-lr-screen-20260506-r1,public_dev,ppo,1e-5,,,3,0.889626,0.072728,0.180682,0.805661,0.932951,/n/fs/pvl-lidar/cache/ed1783/citylearn/sweeps/citylearn-72cell-lr-screen-20260506-r1/summary.csv,https://drive.google.com/drive/folders/1ZXXeyqH8q0FIXbnkOv13LqQMfgmC5bUd
lr_screen,citylearn-72cell-lr-screen-20260506-r1,public_dev,sac,1e-4,,,3,0.547258,0.026219,0.065136,0.529686,0.577395,/n/fs/pvl-lidar/cache/ed1783/citylearn/sweeps/citylearn-72cell-lr-screen-20260506-r1/summary.csv,https://drive.google.com/drive/folders/1ZXXeyqH8q0FIXbnkOv13LqQMfgmC5bUd
lr_screen,citylearn-72cell-lr-screen-20260506-r1,public_dev,sac,1e-3,,,3,0.558200,0.014923,0.037073,0.542210,0.571757,/n/fs/pvl-lidar/cache/ed1783/citylearn/sweeps/citylearn-72cell-lr-screen-20260506-r1/summary.csv,https://drive.google.com/drive/folders/1ZXXeyqH8q0FIXbnkOv13LqQMfgmC5bUd
lr_screen,citylearn-72cell-lr-screen-20260506-r1,public_dev,sac,3e-3,,,3,0.562134,0.006526,0.016213,0.554909,0.567601,/n/fs/pvl-lidar/cache/ed1783/citylearn/sweeps/citylearn-72cell-lr-screen-20260506-r1/summary.csv,https://drive.google.com/drive/folders/1ZXXeyqH8q0FIXbnkOv13LqQMfgmC5bUd
lr_screen,citylearn-72cell-lr-screen-20260506-r1,public_dev,sac,2e-4,,,3,0.563416,0.028461,0.070708,0.532826,0.589115,/n/fs/pvl-lidar/cache/ed1783/citylearn/sweeps/citylearn-72cell-lr-screen-20260506-r1/summary.csv,https://drive.google.com/drive/folders/1ZXXeyqH8q0FIXbnkOv13LqQMfgmC5bUd
lr_screen,citylearn-72cell-lr-screen-20260506-r1,public_dev,sac,5e-4,,,3,0.564242,0.005647,0.014029,0.560584,0.570746,/n/fs/pvl-lidar/cache/ed1783/citylearn/sweeps/citylearn-72cell-lr-screen-20260506-r1/summary.csv,https://drive.google.com/drive/folders/1ZXXeyqH8q0FIXbnkOv13LqQMfgmC5bUd
lr_screen,citylearn-72cell-lr-screen-20260506-r1,public_dev,sac,3e-5,,,3,0.578972,0.014639,0.036369,0.570221,0.595873,/n/fs/pvl-lidar/cache/ed1783/citylearn/sweeps/citylearn-72cell-lr-screen-20260506-r1/summary.csv,https://drive.google.com/drive/folders/1ZXXeyqH8q0FIXbnkOv13LqQMfgmC5bUd
lr_screen,citylearn-72cell-lr-screen-20260506-r1,public_dev,sac,3e-4,,,3,0.580580,0.012494,0.031040,0.569184,0.593940,/n/fs/pvl-lidar/cache/ed1783/citylearn/sweeps/citylearn-72cell-lr-screen-20260506-r1/summary.csv,https://drive.google.com/drive/folders/1ZXXeyqH8q0FIXbnkOv13LqQMfgmC5bUd
lr_screen,citylearn-72cell-lr-screen-20260506-r1,public_dev,sac,1e-5,,,3,0.658856,0.009903,0.024602,0.649057,0.668859,/n/fs/pvl-lidar/cache/ed1783/citylearn/sweeps/citylearn-72cell-lr-screen-20260506-r1/summary.csv,https://drive.google.com/drive/folders/1ZXXeyqH8q0FIXbnkOv13LqQMfgmC5bUd
lr_screen,citylearn-72cell-lr-screen-20260506-r1,public_dev,td3,1e-3,,,3,0.618216,0.014490,0.035998,0.605953,0.634205,/n/fs/pvl-lidar/cache/ed1783/citylearn/sweeps/citylearn-72cell-lr-screen-20260506-r1/summary.csv,https://drive.google.com/drive/folders/1ZXXeyqH8q0FIXbnkOv13LqQMfgmC5bUd
lr_screen,citylearn-72cell-lr-screen-20260506-r1,public_dev,td3,5e-4,,,3,0.620029,0.022358,0.055544,0.598759,0.643335,/n/fs/pvl-lidar/cache/ed1783/citylearn/sweeps/citylearn-72cell-lr-screen-20260506-r1/summary.csv,https://drive.google.com/drive/folders/1ZXXeyqH8q0FIXbnkOv13LqQMfgmC5bUd
lr_screen,citylearn-72cell-lr-screen-20260506-r1,public_dev,td3,3e-4,,,3,0.628723,0.030835,0.076605,0.604157,0.663326,/n/fs/pvl-lidar/cache/ed1783/citylearn/sweeps/citylearn-72cell-lr-screen-20260506-r1/summary.csv,https://drive.google.com/drive/folders/1ZXXeyqH8q0FIXbnkOv13LqQMfgmC5bUd
lr_screen,citylearn-72cell-lr-screen-20260506-r1,public_dev,td3,2e-4,,,3,0.661595,0.023642,0.058734,0.636419,0.683324,/n/fs/pvl-lidar/cache/ed1783/citylearn/sweeps/citylearn-72cell-lr-screen-20260506-r1/summary.csv,https://drive.google.com/drive/folders/1ZXXeyqH8q0FIXbnkOv13LqQMfgmC5bUd
lr_screen,citylearn-72cell-lr-screen-20260506-r1,public_dev,td3,1e-4,,,3,0.665609,0.010167,0.025258,0.657212,0.676913,/n/fs/pvl-lidar/cache/ed1783/citylearn/sweeps/citylearn-72cell-lr-screen-20260506-r1/summary.csv,https://drive.google.com/drive/folders/1ZXXeyqH8q0FIXbnkOv13LqQMfgmC5bUd
lr_screen,citylearn-72cell-lr-screen-20260506-r1,public_dev,td3,3e-3,,,3,0.702547,0.123149,0.305944,0.629721,0.844733,/n/fs/pvl-lidar/cache/ed1783/citylearn/sweeps/citylearn-72cell-lr-screen-20260506-r1/summary.csv,https://drive.google.com/drive/folders/1ZXXeyqH8q0FIXbnkOv13LqQMfgmC5bUd
lr_screen,citylearn-72cell-lr-screen-20260506-r1,public_dev,td3,3e-5,,,3,0.754842,0.032216,0.080035,0.721247,0.785474,/n/fs/pvl-lidar/cache/ed1783/citylearn/sweeps/citylearn-72cell-lr-screen-20260506-r1/summary.csv,https://drive.google.com/drive/folders/1ZXXeyqH8q0FIXbnkOv13LqQMfgmC5bUd
lr_screen,citylearn-72cell-lr-screen-20260506-r1,public_dev,td3,1e-5,,,3,0.785603,0.009634,0.023935,0.779875,0.796726,/n/fs/pvl-lidar/cache/ed1783/citylearn/sweeps/citylearn-72cell-lr-screen-20260506-r1/summary.csv,https://drive.google.com/drive/folders/1ZXXeyqH8q0FIXbnkOv13LqQMfgmC5bUd
lr_screen,citylearn-72cell-lr-screen-20260506-r1,released_all,ppo,1e-4,,,18,0.828411,0.050255,0.024993,0.739664,0.901303,/n/fs/pvl-lidar/cache/ed1783/citylearn/sweeps/citylearn-72cell-lr-screen-20260506-r1/summary.csv,https://drive.google.com/drive/folders/1ZXXeyqH8q0FIXbnkOv13LqQMfgmC5bUd
lr_screen,citylearn-72cell-lr-screen-20260506-r1,released_all,ppo,3e-3,,,18,0.831913,0.034266,0.017042,0.755514,0.867075,/n/fs/pvl-lidar/cache/ed1783/citylearn/sweeps/citylearn-72cell-lr-screen-20260506-r1/summary.csv,https://drive.google.com/drive/folders/1ZXXeyqH8q0FIXbnkOv13LqQMfgmC5bUd
lr_screen,citylearn-72cell-lr-screen-20260506-r1,released_all,ppo,3e-4,,,18,0.839680,0.073120,0.036365,0.685223,0.929533,/n/fs/pvl-lidar/cache/ed1783/citylearn/sweeps/citylearn-72cell-lr-screen-20260506-r1/summary.csv,https://drive.google.com/drive/folders/1ZXXeyqH8q0FIXbnkOv13LqQMfgmC5bUd
lr_screen,citylearn-72cell-lr-screen-20260506-r1,released_all,ppo,1e-3,,,18,0.843720,0.033710,0.016765,0.775078,0.891317,/n/fs/pvl-lidar/cache/ed1783/citylearn/sweeps/citylearn-72cell-lr-screen-20260506-r1/summary.csv,https://drive.google.com/drive/folders/1ZXXeyqH8q0FIXbnkOv13LqQMfgmC5bUd
lr_screen,citylearn-72cell-lr-screen-20260506-r1,released_all,ppo,5e-4,,,18,0.855526,0.074800,0.037201,0.717188,0.961386,/n/fs/pvl-lidar/cache/ed1783/citylearn/sweeps/citylearn-72cell-lr-screen-20260506-r1/summary.csv,https://drive.google.com/drive/folders/1ZXXeyqH8q0FIXbnkOv13LqQMfgmC5bUd
lr_screen,citylearn-72cell-lr-screen-20260506-r1,released_all,ppo,2e-4,,,18,0.856044,0.049862,0.024798,0.720642,0.917757,/n/fs/pvl-lidar/cache/ed1783/citylearn/sweeps/citylearn-72cell-lr-screen-20260506-r1/summary.csv,https://drive.google.com/drive/folders/1ZXXeyqH8q0FIXbnkOv13LqQMfgmC5bUd
lr_screen,citylearn-72cell-lr-screen-20260506-r1,released_all,ppo,3e-5,,,18,0.859679,0.041052,0.020416,0.797743,0.940761,/n/fs/pvl-lidar/cache/ed1783/citylearn/sweeps/citylearn-72cell-lr-screen-20260506-r1/summary.csv,https://drive.google.com/drive/folders/1ZXXeyqH8q0FIXbnkOv13LqQMfgmC5bUd
lr_screen,citylearn-72cell-lr-screen-20260506-r1,released_all,ppo,1e-5,,,18,0.940172,0.047509,0.023628,0.825089,0.997905,/n/fs/pvl-lidar/cache/ed1783/citylearn/sweeps/citylearn-72cell-lr-screen-20260506-r1/summary.csv,https://drive.google.com/drive/folders/1ZXXeyqH8q0FIXbnkOv13LqQMfgmC5bUd
lr_screen,citylearn-72cell-lr-screen-20260506-r1,released_all,sac,1e-3,,,18,0.700027,0.051034,0.025381,0.592680,0.747314,/n/fs/pvl-lidar/cache/ed1783/citylearn/sweeps/citylearn-72cell-lr-screen-20260506-r1/summary.csv,https://drive.google.com/drive/folders/1ZXXeyqH8q0FIXbnkOv13LqQMfgmC5bUd
lr_screen,citylearn-72cell-lr-screen-20260506-r1,released_all,sac,2e-4,,,18,0.702907,0.047538,0.023642,0.603182,0.765851,/n/fs/pvl-lidar/cache/ed1783/citylearn/sweeps/citylearn-72cell-lr-screen-20260506-r1/summary.csv,https://drive.google.com/drive/folders/1ZXXeyqH8q0FIXbnkOv13LqQMfgmC5bUd
lr_screen,citylearn-72cell-lr-screen-20260506-r1,released_all,sac,5e-4,,,18,0.703585,0.057587,0.028640,0.578427,0.782850,/n/fs/pvl-lidar/cache/ed1783/citylearn/sweeps/citylearn-72cell-lr-screen-20260506-r1/summary.csv,https://drive.google.com/drive/folders/1ZXXeyqH8q0FIXbnkOv13LqQMfgmC5bUd
lr_screen,citylearn-72cell-lr-screen-20260506-r1,released_all,sac,3e-4,,,18,0.723187,0.055808,0.027755,0.610202,0.792938,/n/fs/pvl-lidar/cache/ed1783/citylearn/sweeps/citylearn-72cell-lr-screen-20260506-r1/summary.csv,https://drive.google.com/drive/folders/1ZXXeyqH8q0FIXbnkOv13LqQMfgmC5bUd
lr_screen,citylearn-72cell-lr-screen-20260506-r1,released_all,sac,3e-3,,,18,0.736217,0.055621,0.027662,0.624178,0.813288,/n/fs/pvl-lidar/cache/ed1783/citylearn/sweeps/citylearn-72cell-lr-screen-20260506-r1/summary.csv,https://drive.google.com/drive/folders/1ZXXeyqH8q0FIXbnkOv13LqQMfgmC5bUd
lr_screen,citylearn-72cell-lr-screen-20260506-r1,released_all,sac,1e-5,,,18,0.747620,0.034976,0.017395,0.669913,0.802565,/n/fs/pvl-lidar/cache/ed1783/citylearn/sweeps/citylearn-72cell-lr-screen-20260506-r1/summary.csv,https://drive.google.com/drive/folders/1ZXXeyqH8q0FIXbnkOv13LqQMfgmC5bUd
lr_screen,citylearn-72cell-lr-screen-20260506-r1,released_all,sac,3e-5,,,18,0.764722,0.046945,0.023347,0.662207,0.832481,/n/fs/pvl-lidar/cache/ed1783/citylearn/sweeps/citylearn-72cell-lr-screen-20260506-r1/summary.csv,https://drive.google.com/drive/folders/1ZXXeyqH8q0FIXbnkOv13LqQMfgmC5bUd
lr_screen,citylearn-72cell-lr-screen-20260506-r1,released_all,sac,1e-4,,,18,0.768168,0.060309,0.029993,0.628066,0.863774,/n/fs/pvl-lidar/cache/ed1783/citylearn/sweeps/citylearn-72cell-lr-screen-20260506-r1/summary.csv,https://drive.google.com/drive/folders/1ZXXeyqH8q0FIXbnkOv13LqQMfgmC5bUd
lr_screen,citylearn-72cell-lr-screen-20260506-r1,released_all,td3,3e-4,,,18,0.725461,0.037745,0.018772,0.628592,0.777058,/n/fs/pvl-lidar/cache/ed1783/citylearn/sweeps/citylearn-72cell-lr-screen-20260506-r1/summary.csv,https://drive.google.com/drive/folders/1ZXXeyqH8q0FIXbnkOv13LqQMfgmC5bUd
lr_screen,citylearn-72cell-lr-screen-20260506-r1,released_all,td3,5e-4,,,18,0.766323,0.031174,0.015504,0.693884,0.819369,/n/fs/pvl-lidar/cache/ed1783/citylearn/sweeps/citylearn-72cell-lr-screen-20260506-r1/summary.csv,https://drive.google.com/drive/folders/1ZXXeyqH8q0FIXbnkOv13LqQMfgmC5bUd
lr_screen,citylearn-72cell-lr-screen-20260506-r1,released_all,td3,1e-3,,,18,0.769104,0.028304,0.014077,0.693149,0.802391,/n/fs/pvl-lidar/cache/ed1783/citylearn/sweeps/citylearn-72cell-lr-screen-20260506-r1/summary.csv,https://drive.google.com/drive/folders/1ZXXeyqH8q0FIXbnkOv13LqQMfgmC5bUd
lr_screen,citylearn-72cell-lr-screen-20260506-r1,released_all,td3,3e-3,,,18,0.816631,0.041648,0.020713,0.718374,0.869317,/n/fs/pvl-lidar/cache/ed1783/citylearn/sweeps/citylearn-72cell-lr-screen-20260506-r1/summary.csv,https://drive.google.com/drive/folders/1ZXXeyqH8q0FIXbnkOv13LqQMfgmC5bUd
lr_screen,citylearn-72cell-lr-screen-20260506-r1,released_all,td3,2e-4,,,18,0.820942,0.038337,0.019066,0.731360,0.872758,/n/fs/pvl-lidar/cache/ed1783/citylearn/sweeps/citylearn-72cell-lr-screen-20260506-r1/summary.csv,https://drive.google.com/drive/folders/1ZXXeyqH8q0FIXbnkOv13LqQMfgmC5bUd
lr_screen,citylearn-72cell-lr-screen-20260506-r1,released_all,td3,1e-4,,,18,0.847265,0.035432,0.017621,0.752075,0.888219,/n/fs/pvl-lidar/cache/ed1783/citylearn/sweeps/citylearn-72cell-lr-screen-20260506-r1/summary.csv,https://drive.google.com/drive/folders/1ZXXeyqH8q0FIXbnkOv13LqQMfgmC5bUd
lr_screen,citylearn-72cell-lr-screen-20260506-r1,released_all,td3,1e-5,,,18,0.853206,0.038758,0.019276,0.771658,0.908539,/n/fs/pvl-lidar/cache/ed1783/citylearn/sweeps/citylearn-72cell-lr-screen-20260506-r1/summary.csv,https://drive.google.com/drive/folders/1ZXXeyqH8q0FIXbnkOv13LqQMfgmC5bUd
lr_screen,citylearn-72cell-lr-screen-20260506-r1,released_all,td3,3e-5,,,18,0.881162,0.031969,0.015899,0.801562,0.931195,/n/fs/pvl-lidar/cache/ed1783/citylearn/sweeps/citylearn-72cell-lr-screen-20260506-r1/summary.csv,https://drive.google.com/drive/folders/1ZXXeyqH8q0FIXbnkOv13LqQMfgmC5bUd
lr_screen,citylearn-72cell-lr-screen-20260506-r1,released_phase2,ppo,1e-4,,,9,0.802483,0.049911,0.038365,0.739664,0.863120,/n/fs/pvl-lidar/cache/ed1783/citylearn/sweeps/citylearn-72cell-lr-screen-20260506-r1/summary.csv,https://drive.google.com/drive/folders/1ZXXeyqH8q0FIXbnkOv13LqQMfgmC5bUd
lr_screen,citylearn-72cell-lr-screen-20260506-r1,released_phase2,ppo,3e-4,,,9,0.814403,0.080750,0.062070,0.685223,0.929533,/n/fs/pvl-lidar/cache/ed1783/citylearn/sweeps/citylearn-72cell-lr-screen-20260506-r1/summary.csv,https://drive.google.com/drive/folders/1ZXXeyqH8q0FIXbnkOv13LqQMfgmC5bUd
lr_screen,citylearn-72cell-lr-screen-20260506-r1,released_phase2,ppo,3e-3,,,9,0.818714,0.038128,0.029308,0.755514,0.863361,/n/fs/pvl-lidar/cache/ed1783/citylearn/sweeps/citylearn-72cell-lr-screen-20260506-r1/summary.csv,https://drive.google.com/drive/folders/1ZXXeyqH8q0FIXbnkOv13LqQMfgmC5bUd
lr_screen,citylearn-72cell-lr-screen-20260506-r1,released_phase2,ppo,1e-3,,,9,0.822568,0.032864,0.025262,0.775078,0.855656,/n/fs/pvl-lidar/cache/ed1783/citylearn/sweeps/citylearn-72cell-lr-screen-20260506-r1/summary.csv,https://drive.google.com/drive/folders/1ZXXeyqH8q0FIXbnkOv13LqQMfgmC5bUd
lr_screen,citylearn-72cell-lr-screen-20260506-r1,released_phase2,ppo,2e-4,,,9,0.832664,0.055476,0.042643,0.720642,0.917757,/n/fs/pvl-lidar/cache/ed1783/citylearn/sweeps/citylearn-72cell-lr-screen-20260506-r1/summary.csv,https://drive.google.com/drive/folders/1ZXXeyqH8q0FIXbnkOv13LqQMfgmC5bUd
lr_screen,citylearn-72cell-lr-screen-20260506-r1,released_phase2,ppo,5e-4,,,9,0.842540,0.087166,0.067002,0.717188,0.961386,/n/fs/pvl-lidar/cache/ed1783/citylearn/sweeps/citylearn-72cell-lr-screen-20260506-r1/summary.csv,https://drive.google.com/drive/folders/1ZXXeyqH8q0FIXbnkOv13LqQMfgmC5bUd
lr_screen,citylearn-72cell-lr-screen-20260506-r1,released_phase2,ppo,3e-5,,,9,0.842912,0.038821,0.029841,0.797743,0.906438,/n/fs/pvl-lidar/cache/ed1783/citylearn/sweeps/citylearn-72cell-lr-screen-20260506-r1/summary.csv,https://drive.google.com/drive/folders/1ZXXeyqH8q0FIXbnkOv13LqQMfgmC5bUd
lr_screen,citylearn-72cell-lr-screen-20260506-r1,released_phase2,ppo,1e-5,,,9,0.934164,0.059080,0.045413,0.825089,0.988149,/n/fs/pvl-lidar/cache/ed1783/citylearn/sweeps/citylearn-72cell-lr-screen-20260506-r1/summary.csv,https://drive.google.com/drive/folders/1ZXXeyqH8q0FIXbnkOv13LqQMfgmC5bUd
lr_screen,citylearn-72cell-lr-screen-20260506-r1,released_phase2,sac,1e-3,,,9,0.662138,0.046969,0.036104,0.592680,0.708494,/n/fs/pvl-lidar/cache/ed1783/citylearn/sweeps/citylearn-72cell-lr-screen-20260506-r1/summary.csv,https://drive.google.com/drive/folders/1ZXXeyqH8q0FIXbnkOv13LqQMfgmC5bUd
lr_screen,citylearn-72cell-lr-screen-20260506-r1,released_phase2,sac,5e-4,,,9,0.662465,0.052407,0.040283,0.578427,0.722284,/n/fs/pvl-lidar/cache/ed1783/citylearn/sweeps/citylearn-72cell-lr-screen-20260506-r1/summary.csv,https://drive.google.com/drive/folders/1ZXXeyqH8q0FIXbnkOv13LqQMfgmC5bUd
lr_screen,citylearn-72cell-lr-screen-20260506-r1,released_phase2,sac,2e-4,,,9,0.666728,0.039876,0.030651,0.603182,0.717455,/n/fs/pvl-lidar/cache/ed1783/citylearn/sweeps/citylearn-72cell-lr-screen-20260506-r1/summary.csv,https://drive.google.com/drive/folders/1ZXXeyqH8q0FIXbnkOv13LqQMfgmC5bUd
lr_screen,citylearn-72cell-lr-screen-20260506-r1,released_phase2,sac,3e-4,,,9,0.679900,0.046549,0.035780,0.610202,0.728786,/n/fs/pvl-lidar/cache/ed1783/citylearn/sweeps/citylearn-72cell-lr-screen-20260506-r1/summary.csv,https://drive.google.com/drive/folders/1ZXXeyqH8q0FIXbnkOv13LqQMfgmC5bUd
lr_screen,citylearn-72cell-lr-screen-20260506-r1,released_phase2,sac,3e-3,,,9,0.695322,0.048672,0.037413,0.624178,0.744404,/n/fs/pvl-lidar/cache/ed1783/citylearn/sweeps/citylearn-72cell-lr-screen-20260506-r1/summary.csv,https://drive.google.com/drive/folders/1ZXXeyqH8q0FIXbnkOv13LqQMfgmC5bUd
lr_screen,citylearn-72cell-lr-screen-20260506-r1,released_phase2,sac,1e-4,,,9,0.724801,0.049149,0.037779,0.628066,0.772722,/n/fs/pvl-lidar/cache/ed1783/citylearn/sweeps/citylearn-72cell-lr-screen-20260506-r1/summary.csv,https://drive.google.com/drive/folders/1ZXXeyqH8q0FIXbnkOv13LqQMfgmC5bUd
lr_screen,citylearn-72cell-lr-screen-20260506-r1,released_phase2,sac,1e-5,,,9,0.725300,0.032591,0.025051,0.669913,0.766949,/n/fs/pvl-lidar/cache/ed1783/citylearn/sweeps/citylearn-72cell-lr-screen-20260506-r1/summary.csv,https://drive.google.com/drive/folders/1ZXXeyqH8q0FIXbnkOv13LqQMfgmC5bUd
lr_screen,citylearn-72cell-lr-screen-20260506-r1,released_phase2,sac,3e-5,,,9,0.732936,0.044626,0.034303,0.662207,0.799839,/n/fs/pvl-lidar/cache/ed1783/citylearn/sweeps/citylearn-72cell-lr-screen-20260506-r1/summary.csv,https://drive.google.com/drive/folders/1ZXXeyqH8q0FIXbnkOv13LqQMfgmC5bUd
lr_screen,citylearn-72cell-lr-screen-20260506-r1,released_phase2,td3,3e-4,,,9,0.714780,0.045874,0.035262,0.628592,0.776352,/n/fs/pvl-lidar/cache/ed1783/citylearn/sweeps/citylearn-72cell-lr-screen-20260506-r1/summary.csv,https://drive.google.com/drive/folders/1ZXXeyqH8q0FIXbnkOv13LqQMfgmC5bUd
lr_screen,citylearn-72cell-lr-screen-20260506-r1,released_phase2,td3,5e-4,,,9,0.756003,0.036017,0.027685,0.693884,0.819369,/n/fs/pvl-lidar/cache/ed1783/citylearn/sweeps/citylearn-72cell-lr-screen-20260506-r1/summary.csv,https://drive.google.com/drive/folders/1ZXXeyqH8q0FIXbnkOv13LqQMfgmC5bUd
lr_screen,citylearn-72cell-lr-screen-20260506-r1,released_phase2,td3,1e-3,,,9,0.760350,0.035287,0.027124,0.693149,0.792507,/n/fs/pvl-lidar/cache/ed1783/citylearn/sweeps/citylearn-72cell-lr-screen-20260506-r1/summary.csv,https://drive.google.com/drive/folders/1ZXXeyqH8q0FIXbnkOv13LqQMfgmC5bUd
lr_screen,citylearn-72cell-lr-screen-20260506-r1,released_phase2,td3,2e-4,,,9,0.799932,0.039787,0.030583,0.731360,0.841770,/n/fs/pvl-lidar/cache/ed1783/citylearn/sweeps/citylearn-72cell-lr-screen-20260506-r1/summary.csv,https://drive.google.com/drive/folders/1ZXXeyqH8q0FIXbnkOv13LqQMfgmC5bUd
lr_screen,citylearn-72cell-lr-screen-20260506-r1,released_phase2,td3,3e-3,,,9,0.804842,0.053918,0.041445,0.718374,0.869317,/n/fs/pvl-lidar/cache/ed1783/citylearn/sweeps/citylearn-72cell-lr-screen-20260506-r1/summary.csv,https://drive.google.com/drive/folders/1ZXXeyqH8q0FIXbnkOv13LqQMfgmC5bUd
lr_screen,citylearn-72cell-lr-screen-20260506-r1,released_phase2,td3,1e-4,,,9,0.827308,0.038402,0.029518,0.752075,0.883744,/n/fs/pvl-lidar/cache/ed1783/citylearn/sweeps/citylearn-72cell-lr-screen-20260506-r1/summary.csv,https://drive.google.com/drive/folders/1ZXXeyqH8q0FIXbnkOv13LqQMfgmC5bUd
lr_screen,citylearn-72cell-lr-screen-20260506-r1,released_phase2,td3,1e-5,,,9,0.841164,0.045649,0.035089,0.771658,0.898474,/n/fs/pvl-lidar/cache/ed1783/citylearn/sweeps/citylearn-72cell-lr-screen-20260506-r1/summary.csv,https://drive.google.com/drive/folders/1ZXXeyqH8q0FIXbnkOv13LqQMfgmC5bUd
lr_screen,citylearn-72cell-lr-screen-20260506-r1,released_phase2,td3,3e-5,,,9,0.870795,0.040201,0.030901,0.801562,0.931195,/n/fs/pvl-lidar/cache/ed1783/citylearn/sweeps/citylearn-72cell-lr-screen-20260506-r1/summary.csv,https://drive.google.com/drive/folders/1ZXXeyqH8q0FIXbnkOv13LqQMfgmC5bUd
lr_screen,citylearn-72cell-lr-screen-20260506-r1,released_phase3,ppo,3e-3,,,9,0.845113,0.025482,0.019587,0.807884,0.867075,/n/fs/pvl-lidar/cache/ed1783/citylearn/sweeps/citylearn-72cell-lr-screen-20260506-r1/summary.csv,https://drive.google.com/drive/folders/1ZXXeyqH8q0FIXbnkOv13LqQMfgmC5bUd
lr_screen,citylearn-72cell-lr-screen-20260506-r1,released_phase3,ppo,1e-4,,,9,0.854338,0.036922,0.028380,0.788531,0.901303,/n/fs/pvl-lidar/cache/ed1783/citylearn/sweeps/citylearn-72cell-lr-screen-20260506-r1/summary.csv,https://drive.google.com/drive/folders/1ZXXeyqH8q0FIXbnkOv13LqQMfgmC5bUd
lr_screen,citylearn-72cell-lr-screen-20260506-r1,released_phase3,ppo,1e-3,,,9,0.864872,0.018112,0.013922,0.840079,0.891317,/n/fs/pvl-lidar/cache/ed1783/citylearn/sweeps/citylearn-72cell-lr-screen-20260506-r1/summary.csv,https://drive.google.com/drive/folders/1ZXXeyqH8q0FIXbnkOv13LqQMfgmC5bUd
lr_screen,citylearn-72cell-lr-screen-20260506-r1,released_phase3,ppo,3e-4,,,9,0.864956,0.058337,0.044842,0.786438,0.919726,/n/fs/pvl-lidar/cache/ed1783/citylearn/sweeps/citylearn-72cell-lr-screen-20260506-r1/summary.csv,https://drive.google.com/drive/folders/1ZXXeyqH8q0FIXbnkOv13LqQMfgmC5bUd
lr_screen,citylearn-72cell-lr-screen-20260506-r1,released_phase3,ppo,5e-4,,,9,0.868512,0.062548,0.048078,0.786711,0.942330,/n/fs/pvl-lidar/cache/ed1783/citylearn/sweeps/citylearn-72cell-lr-screen-20260506-r1/summary.csv,https://drive.google.com/drive/folders/1ZXXeyqH8q0FIXbnkOv13LqQMfgmC5bUd
lr_screen,citylearn-72cell-lr-screen-20260506-r1,released_phase3,ppo,3e-5,,,9,0.876447,0.037967,0.029184,0.842801,0.940761,/n/fs/pvl-lidar/cache/ed1783/citylearn/sweeps/citylearn-72cell-lr-screen-20260506-r1/summary.csv,https://drive.google.com/drive/folders/1ZXXeyqH8q0FIXbnkOv13LqQMfgmC5bUd
lr_screen,citylearn-72cell-lr-screen-20260506-r1,released_phase3,ppo,2e-4,,,9,0.879425,0.031236,0.024010,0.836594,0.910625,/n/fs/pvl-lidar/cache/ed1783/citylearn/sweeps/citylearn-72cell-lr-screen-20260506-r1/summary.csv,https://drive.google.com/drive/folders/1ZXXeyqH8q0FIXbnkOv13LqQMfgmC5bUd
lr_screen,citylearn-72cell-lr-screen-20260506-r1,released_phase3,ppo,1e-5,,,9,0.946179,0.034997,0.026901,0.900413,0.997905,/n/fs/pvl-lidar/cache/ed1783/citylearn/sweeps/citylearn-72cell-lr-screen-20260506-r1/summary.csv,https://drive.google.com/drive/folders/1ZXXeyqH8q0FIXbnkOv13LqQMfgmC5bUd
lr_screen,citylearn-72cell-lr-screen-20260506-r1,released_phase3,sac,1e-3,,,9,0.737915,0.009926,0.007629,0.722433,0.747314,/n/fs/pvl-lidar/cache/ed1783/citylearn/sweeps/citylearn-72cell-lr-screen-20260506-r1/summary.csv,https://drive.google.com/drive/folders/1ZXXeyqH8q0FIXbnkOv13LqQMfgmC5bUd
lr_screen,citylearn-72cell-lr-screen-20260506-r1,released_phase3,sac,2e-4,,,9,0.739086,0.016340,0.012560,0.715486,0.765851,/n/fs/pvl-lidar/cache/ed1783/citylearn/sweeps/citylearn-72cell-lr-screen-20260506-r1/summary.csv,https://drive.google.com/drive/folders/1ZXXeyqH8q0FIXbnkOv13LqQMfgmC5bUd
lr_screen,citylearn-72cell-lr-screen-20260506-r1,released_phase3,sac,5e-4,,,9,0.744704,0.022277,0.017124,0.712467,0.782850,/n/fs/pvl-lidar/cache/ed1783/citylearn/sweeps/citylearn-72cell-lr-screen-20260506-r1/summary.csv,https://drive.google.com/drive/folders/1ZXXeyqH8q0FIXbnkOv13LqQMfgmC5bUd
lr_screen,citylearn-72cell-lr-screen-20260506-r1,released_phase3,sac,3e-4,,,9,0.766474,0.015349,0.011799,0.740583,0.792938,/n/fs/pvl-lidar/cache/ed1783/citylearn/sweeps/citylearn-72cell-lr-screen-20260506-r1/summary.csv,https://drive.google.com/drive/folders/1ZXXeyqH8q0FIXbnkOv13LqQMfgmC5bUd
lr_screen,citylearn-72cell-lr-screen-20260506-r1,released_phase3,sac,1e-5,,,9,0.769940,0.020409,0.015687,0.740398,0.802565,/n/fs/pvl-lidar/cache/ed1783/citylearn/sweeps/citylearn-72cell-lr-screen-20260506-r1/summary.csv,https://drive.google.com/drive/folders/1ZXXeyqH8q0FIXbnkOv13LqQMfgmC5bUd
lr_screen,citylearn-72cell-lr-screen-20260506-r1,released_phase3,sac,3e-3,,,9,0.777112,0.021032,0.016167,0.752210,0.813288,/n/fs/pvl-lidar/cache/ed1783/citylearn/sweeps/citylearn-72cell-lr-screen-20260506-r1/summary.csv,https://drive.google.com/drive/folders/1ZXXeyqH8q0FIXbnkOv13LqQMfgmC5bUd
lr_screen,citylearn-72cell-lr-screen-20260506-r1,released_phase3,sac,3e-5,,,9,0.796509,0.020452,0.015721,0.765210,0.832481,/n/fs/pvl-lidar/cache/ed1783/citylearn/sweeps/citylearn-72cell-lr-screen-20260506-r1/summary.csv,https://drive.google.com/drive/folders/1ZXXeyqH8q0FIXbnkOv13LqQMfgmC5bUd
lr_screen,citylearn-72cell-lr-screen-20260506-r1,released_phase3,sac,1e-4,,,9,0.811536,0.032888,0.025280,0.770383,0.863774,/n/fs/pvl-lidar/cache/ed1783/citylearn/sweeps/citylearn-72cell-lr-screen-20260506-r1/summary.csv,https://drive.google.com/drive/folders/1ZXXeyqH8q0FIXbnkOv13LqQMfgmC5bUd
lr_screen,citylearn-72cell-lr-screen-20260506-r1,released_phase3,td3,3e-4,,,9,0.736141,0.025814,0.019842,0.709128,0.777058,/n/fs/pvl-lidar/cache/ed1783/citylearn/sweeps/citylearn-72cell-lr-screen-20260506-r1/summary.csv,https://drive.google.com/drive/folders/1ZXXeyqH8q0FIXbnkOv13LqQMfgmC5bUd
lr_screen,citylearn-72cell-lr-screen-20260506-r1,released_phase3,td3,5e-4,,,9,0.776642,0.022983,0.017666,0.749137,0.817499,/n/fs/pvl-lidar/cache/ed1783/citylearn/sweeps/citylearn-72cell-lr-screen-20260506-r1/summary.csv,https://drive.google.com/drive/folders/1ZXXeyqH8q0FIXbnkOv13LqQMfgmC5bUd
lr_screen,citylearn-72cell-lr-screen-20260506-r1,released_phase3,td3,1e-3,,,9,0.777858,0.016876,0.012972,0.753696,0.802391,/n/fs/pvl-lidar/cache/ed1783/citylearn/sweeps/citylearn-72cell-lr-screen-20260506-r1/summary.csv,https://drive.google.com/drive/folders/1ZXXeyqH8q0FIXbnkOv13LqQMfgmC5bUd
lr_screen,citylearn-72cell-lr-screen-20260506-r1,released_phase3,td3,3e-3,,,9,0.828420,0.021589,0.016595,0.797121,0.854802,/n/fs/pvl-lidar/cache/ed1783/citylearn/sweeps/citylearn-72cell-lr-screen-20260506-r1/summary.csv,https://drive.google.com/drive/folders/1ZXXeyqH8q0FIXbnkOv13LqQMfgmC5bUd
lr_screen,citylearn-72cell-lr-screen-20260506-r1,released_phase3,td3,2e-4,,,9,0.841953,0.023386,0.017976,0.806718,0.872758,/n/fs/pvl-lidar/cache/ed1783/citylearn/sweeps/citylearn-72cell-lr-screen-20260506-r1/summary.csv,https://drive.google.com/drive/folders/1ZXXeyqH8q0FIXbnkOv13LqQMfgmC5bUd
lr_screen,citylearn-72cell-lr-screen-20260506-r1,released_phase3,td3,1e-5,,,9,0.865248,0.027965,0.021495,0.832352,0.908539,/n/fs/pvl-lidar/cache/ed1783/citylearn/sweeps/citylearn-72cell-lr-screen-20260506-r1/summary.csv,https://drive.google.com/drive/folders/1ZXXeyqH8q0FIXbnkOv13LqQMfgmC5bUd
lr_screen,citylearn-72cell-lr-screen-20260506-r1,released_phase3,td3,1e-4,,,9,0.867222,0.017230,0.013244,0.838745,0.888219,/n/fs/pvl-lidar/cache/ed1783/citylearn/sweeps/citylearn-72cell-lr-screen-20260506-r1/summary.csv,https://drive.google.com/drive/folders/1ZXXeyqH8q0FIXbnkOv13LqQMfgmC5bUd
lr_screen,citylearn-72cell-lr-screen-20260506-r1,released_phase3,td3,3e-5,,,9,0.891529,0.017715,0.013617,0.859241,0.912768,/n/fs/pvl-lidar/cache/ed1783/citylearn/sweeps/citylearn-72cell-lr-screen-20260506-r1/summary.csv,https://drive.google.com/drive/folders/1ZXXeyqH8q0FIXbnkOv13LqQMfgmC5bUd
